video_id,peak_views_per_hour,mean_views_per_hour,hours_to_first_trend,decay_log_slope_48h,half_life_hours,days_observed_on_chart,chart_presence_ratio,rank_volatility,returned_count,mean_like_view_ratio,mean_comment_view_ratio,comment_like_ratio,engagement_growth,duration_seconds,is_short,title_length,title_caps_ratio,title_has_emoji,title_has_question,tag_count,mean_tag_length,description_length,category_id,channel_subs,channel_size_bucket,language,_true_archetype
UvAm7MDqb65,415311.0833333333,282812.3,17.645833333333332,0.023982673232228625,12.0,3,1.0,3.6193922141707713,0,0.01186151654796685,0.0009093054283405038,0.07714980213483014,0.0009442413462848551,165,0,42,0.09375,0,0,23,6.478260869565218,2827,24,406961,mid,en,megaphone
92QlV8lHl9K,340498.9166666667,259420.6458333333,3.0927777777777776,0.030142433922412913,24.0,3,1.0,4.0,0,0.005055385017233729,0.00023450414184374713,0.048013962296847346,0.0002606556684394941,350,0,16,0.1,0,0,23,6.478260869565218,90,10,592985,mid,en,megaphone
jA6bmZeGbxm,455750.5,336788.5,23.352777777777778,0.03735849403282272,12.0,3,1.0,3.5637059362410923,0,0.010695860668840027,0.0005689633600938031,0.04703877489086537,0.0008251885338764996,289,0,19,0.07692307692307693,0,0,23,6.521739130434782,1671,22,723041,mid,hi,megaphone
IzWsMIAEB4_,421995.1666666667,312790.125,18.356666666666666,0.050052424739351016,12.0,2,1.0,1.7320508075688772,0,0.007425503696218205,0.0010239625011792084,0.13033616746284166,2.7881949712358668e-05,147,0,15,0.07142857142857142,0,0,23,6.434782608695652,2976,24,988625,mid,hi,megaphone
la1SRlgINct,424103.3333333333,265717.06666666665,16.411944444444444,0.025690773971862098,12.0,3,1.0,3.687817782917155,0,0.01603042520931686,0.0005915715053608421,0.04206169641209321,-0.0014609088843930453,212,0,23,0.21052631578947367,0,0,23,6.478260869565218,2369,22,497426,mid,hi,megaphone
7XJDux5cmKb,95771.91666666667,48274.10833333334,64.17055555555555,0.008347926304104877,12.0,4,0.6666666666666666,15.241391012633985,1,0.06931257907162285,0.0033728582160450662,0.05178637456091699,0.0022009034057285937,712,0,33,0.04,0,0,16,6.125,143,24,5123296,large,hi,drumbeat
8POdxOr5CMz,84796.29166666667,59617.36458333334,52.68222222222222,0.016642343169777935,48.0,3,0.625,15.931101656822104,1,0.038192107929210475,0.006271662619766988,0.19134294804625732,-0.0017553360587820657,680,0,32,0.041666666666666664,0,0,13,6.461538461538462,1951,23,9151249,large,hi,drumbeat
1P4KtTSoPZH,58005.166666666664,58005.166666666664,14.335277777777778,0.03241680930956379,,1,1.0,8.48528137423857,0,0.04778634536066105,0.003145130332916177,0.05637241251276339,0.004182297028065371,742,0,22,0.05263157894736842,0,0,16,6.0625,2220,24,961751,mid,en,drumbeat
v6_jvOV2K_Y,91751.1875,42021.42083333333,23.143055555555556,-0.007332779685801284,12.0,4,0.6666666666666666,12.785408349625234,1,0.030709699936617846,0.0030729573369366763,0.09903968329429255,0.0009844301846692535,648,0,32,0.041666666666666664,0,0,16,5.875,832,22,7045078,large,hi,drumbeat
ZQzscMAO1yI,65159.25,57637.5,16.43138888888889,0.025558279730792024,36.0,2,1.0,15.924300089276556,0,0.056276801249741604,0.0022045568526065165,0.03928409002673293,-0.0031732387312816274,1074,0,20,0.058823529411764705,0,0,10,6.0,1790,22,9137280,large,en,drumbeat
jempT5NDKDc,65554.83333333333,36525.83333333333,28.3375,0.02408610696354964,24.0,2,0.75,19.078784028338912,1,0.059953605176149984,0.004019262460960015,0.08106317357193954,-0.005601506991990468,1226,0,32,0.041666666666666664,0,0,16,6.0625,1491,24,5380257,large,en,drumbeat
_K78YxG_hFs,115225.16666666667,70076.47222222222,15.802222222222222,0.019975292203153878,12.0,3,0.5,12.700393694685216,1,0.05645295079001193,0.0020172864845468125,0.03763732537637325,-0.0006939853467697599,485,0,23,0.7222222222222222,0,0,15,6.0,2085,23,6347865,large,hi,drumbeat
aw84BGSWeIO,68367.5,48403.60833333334,57.52583333333333,,24.0,3,0.5555555555555556,15.352524222420234,1,0.030713424688450112,0.003997840982248201,0.1283379157093895,0.0034128719688588938,1398,0,20,0.058823529411764705,0,0,16,6.0625,971,24,1186329,large,en,drumbeat
dk0r3-G6N44,41203.833333333336,27520.291666666668,47.619166666666665,0.030519186707615525,12.0,2,1.0,16.0,0,0.033254472722603755,0.002216653873886952,0.06292844109089116,-0.001412549591568453,899,0,15,0.15384615384615385,0,0,16,6.0,867,24,1734558,large,en,drumbeat
RB4vbGyCnje,37840.416666666664,22636.041666666664,17.54277777777778,0.027449631484651113,12.0,2,1.0,17.009801096230767,0,0.06071817202602434,0.002293753771160971,0.03843286919705417,-0.002249745095435629,758,0,13,0.08333333333333333,0,0,13,6.230769230769231,1543,24,7315851,large,hi,drumbeat
YlfbJzH73Ku,35576.75,28892.5,40.75888888888889,0.036377949962296006,24.0,2,1.0,16.0,0,0.044404393951885814,0.0033815201944519097,0.07184427841132521,-0.0028340332324587256,586,0,21,0.8125,0,0,16,5.875,2023,24,7812398,large,hi,drumbeat
UTHJ-Ey9DII,35192.416666666664,35192.416666666664,35.33833333333333,1.0216958423213451,,1,1.0,12.727922061357855,0,0.04067746442187019,0.000833510927991286,0.02049072969118375,0.08135492884374038,2387,0,31,0.08333333333333333,0,0,14,7.0,1043,27,2945199,large,en,marathon
_v7DxJkBsQR,396931.6666666667,242267.94444444447,4.686111111111111,0.3846563900810347,12.0,2,1.0,3.366501646120693,0,0.01587098964397121,0.0031971073302697337,0.22495157798792298,0.02012693244750676,367,0,30,0.045454545454545456,0,0,16,6.9375,183,25,7061912,large,ta,firework
NWQHFDsFGIZ,399489.3333333333,188298.33333333334,2.071111111111111,0.3759526897008159,12.0,2,1.0,6.652067347825035,0,0.037895068384148876,0.002638299270079826,0.0638062212725632,0.048880315681038705,168,0,17,0.09090909090909091,0,0,16,6.875,2441,25,19700189,mega,te,firework
ipqVVnzg7Ed,33392.666666666664,33392.666666666664,98.27916666666667,1.017321337859245,,1,1.0,11.313708498984761,0,0.019064767052728512,0.0012802180113946889,0.06715099155703907,0.038129534105457025,976,0,18,0.125,0,0,17,7.117647058823529,1293,27,4573872,large,en,marathon
aVJBL7X6Sl0,36125.166666666664,36125.166666666664,67.17916666666666,1.0238757601517094,,1,1.0,9.192388155425117,0,0.022120954180247888,0.0006020719579795295,0.02721726888784608,0.044241908360495776,875,0,16,0.23076923076923078,0,0,17,7.352941176470588,2191,27,1735179,large,en,marathon
jS534XoZSDJ,19454.583333333332,19454.583333333332,209.05416666666667,0.9723005003664241,,1,1.0,12.020815280171307,0,0.0270050887533411,0.0008674011376876156,0.032119914346895075,0.0540101775066822,1612,0,35,0.07692307692307693,0,0,17,7.352941176470588,1753,28,2353490,large,en,marathon
3iA2dOdgI_m,597465.1666666666,418935.7916666666,10.649444444444445,0.6429324914175243,12.0,2,1.0,11.015141094572204,0,0.020342584872473386,0.0014656124012298055,0.06814583660438582,0.03040561104226383,451,0,20,0.1875,0,1,16,6.75,743,10,14232202,mega,hi,firework
h6uVFeJp8i0,131720.83333333334,94236.77777777777,10.025833333333333,0.3614258778111192,12.0,2,1.0,11.176612486199325,0,0.02792345146451115,0.0039839735258452675,0.14114010462208723,0.03842978312613761,109,0,20,0.07142857142857142,0,0,8,6.875,424,25,23664191,mega,ta,firework
aBsoaxAJzkV,17865.833333333332,17865.833333333332,36.10444444444445,0.9652011844574863,,1,1.0,10.606601717798213,0,0.029590794389689867,0.0012057409126315936,0.04074716267339218,0.059181588779379735,2147,0,25,0.65,0,0,17,7.352941176470588,2904,27,4537659,large,en,marathon
IefS1U-4nGZ,224285.41666666666,125651.83333333331,3.1066666666666665,0.3718709590985845,12.0,2,1.0,9.1104335791443,0,0.0366822263804864,0.0026867229021723376,0.06477121065773178,0.05515879744452651,113,0,31,0.043478260869565216,0,0,16,6.9375,957,24,26917579,mega,ta,firework
ROE8wtkQJsE,26511.333333333332,26511.333333333332,148.4763888888889,0.9980911124443438,,1,1.0,7.7781745930520225,0,0.02272134332064488,0.000814114673866919,0.03583039358096424,0.04544268664128976,2087,0,29,0.09090909090909091,0,0,16,7.25,2648,26,3251673,large,en,marathon
87PO6_mSkzB,306069.5833333333,153911.75,8.555555555555555,0.25481271757039686,12.0,3,1.0,9.071934744033381,0,0.030803833528125747,0.003185383765325821,0.10328614573460118,0.039843849932963485,382,0,17,0.0625,0,0,8,7.75,401,10,14536858,mega,te,firework
WEN5bnj8MBX,30191.916666666668,30191.916666666668,203.36305555555555,1.0089245414121357,,1,1.0,5.656854249492381,0,0.030711777954425014,0.0006886482070305599,0.022422935202660196,0.06142355590885003,2025,0,14,0.07692307692307693,0,0,13,7.230769230769231,596,27,4698563,large,en,marathon
Yv8WmGGcivE,16829.75,16829.75,173.14833333333334,0.9602227337437589,,1,1.0,7.7781745930520225,0,0.03335842105784371,0.0008813713742461303,0.026421255751818317,0.06671684211568742,798,0,18,0.125,0,0,13,7.461538461538462,831,28,4031151,large,hi,marathon
roVR5fBbnGb,7627.75,7627.75,155.5725,0.894277459268764,,1,1.0,8.48528137423857,0,0.03979395634409072,0.0009668538466580724,0.0242964996568291,0.07958791268818144,828,0,14,0.16666666666666666,0,0,17,7.117647058823529,1505,26,2509357,large,en,marathon
9cFTMa_OhrG,729851.75,571486.5,11.893055555555556,0.6558709556457207,24.0,2,1.0,17.320508075688775,0,0.022617026046765947,0.001532465895726503,0.0722007294715452,0.03096391085908483,209,0,14,0.18181818181818182,0,1,16,7.0625,1345,24,22007259,mega,hi,firework
ozLxsC-rWBu,898938.5833333334,534992.4791666667,13.383333333333333,0.27858503106825094,24.0,3,1.0,14.310835055998657,0,0.07919206372430898,0.00047843130132682366,0.005430806040508208,0.10170574821142353,60,1,17,0.07142857142857142,0,0,7,6.142857142857143,1059,23,6693973,large,pa,snack
Z1e2YRitqjB,12909.416666666666,12909.416666666666,99.23916666666666,0.9381237231521218,,1,1.0,5.656854249492381,0,0.022067082381192146,0.001481467136604826,0.06713470820535322,0.04413416476238429,2050,0,17,0.14285714285714285,0,1,17,7.176470588235294,1753,27,3660922,large,en,marathon
R2tt-aFShaM,274464.5833333333,122538.74999999999,1.121388888888889,0.2532525445311366,12.0,3,1.0,10.454664030948102,0,0.025198964665566148,0.0011507188802723557,0.041166115437960095,0.031870865360470096,159,0,22,0.05263157894736842,0,0,16,7.0625,656,24,17663595,mega,te,firework
tRjbRUPaUFt,566915.75,566915.75,8.718333333333334,1.2533104788183844,,1,1.0,21.920310216782973,0,0.04689901058211169,0.000854477222515394,0.018219514908941605,0.09379802116422338,21,1,28,0.04,0,0,11,5.636363636363637,2240,23,16249125,mega,en,snack
U89tPocs7et,450707.0833333333,285121.2166666667,23.52,0.025320498456310455,24.0,4,1.0,6.713171133426189,0,0.018787757652817816,0.0005479319354619355,0.0313237379207149,0.00029989616642829564,135,0,16,0.15384615384615385,0,1,23,6.608695652173913,1725,24,363195,mid,en,megaphone
gTFmJHDaQoo,299801.4166666667,227987.4791666667,22.64388888888889,0.03271863119051112,24.0,3,1.0,3.03315017762062,0,0.006156204166451369,0.0008137803355873394,0.12724914897065975,-0.0003435641100970662,105,0,20,0.8666666666666667,0,0,23,6.608695652173913,2305,10,96257,micro,hi,megaphone
RiOmCeyeNvp,266673.75,247817.125,5.1497222222222225,0.04911002102579894,12.0,2,1.0,2.081665999466133,0,0.016441700150418136,0.00038268954265404114,0.017380319425838647,0.0006405181086999619,332,0,28,0.04,0,0,23,6.478260869565218,725,24,430777,mid,hi,megaphone
paPKkMBpm0S,353503.5833333333,213502.5333333333,19.593333333333334,0.025963197247601252,12.0,4,1.0,5.865151319446072,0,0.013986092896557922,0.0006402108854762396,0.04342007369482243,0.00042194579306156603,105,0,30,0.12,0,0,23,6.521739130434782,2752,10,244707,mid,hi,megaphone
bOZQenWrACy,198827.91666666666,113035.125,14.136666666666667,0.017645020829912057,12.0,4,1.0,7.565586245499766,0,0.01972666952422788,0.0006934890292847525,0.03150873616920368,0.0010781079381897221,218,0,21,0.10526315789473684,0,0,23,6.3478260869565215,2588,24,11183,micro,hi,megaphone
EyafsxYs6pJ,84700.58333333333,69758.22916666666,29.945555555555554,,84.0,3,0.375,5.686240703077327,1,0.030837882001358247,0.0044747875457315225,0.16856595188945528,0.0005114656128323222,1421,0,28,0.04,0,0,15,6.0,426,24,3259819,large,en,drumbeat
oJH7C4wS6N1,815460.0833333334,485348.9166666667,3.9475,0.4014910267561308,12.0,3,1.0,18.44812546936228,0,0.10705476403031414,0.0006339181355057475,0.00618458302738962,0.1413930023542054,37,1,31,0.043478260869565216,0,0,14,5.928571428571429,2357,22,7056320,large,en,snack
oVhSjUSBdgL,223201.41666666666,122688.25,9.982222222222223,0.25326084657100134,24.0,3,1.0,6.723094525588644,0,0.023553833659345807,0.0012744812362216642,0.05090193820763769,0.031855123341897836,214,0,18,0.06666666666666667,0,0,16,6.8125,1690,10,25703838,mega,hi,firework
hqeQWY6n5lw,176691.25,116167.88888888888,8.752222222222223,0.3683792326522477,24.0,3,1.0,3.0,0,0.03167684219219701,0.002476747572519375,0.08565638421591995,0.04153326901073518,393,0,11,0.2222222222222222,0,0,11,6.454545454545454,1958,24,12796458,mega,ta,firework
U4HInGtvOb4,405754.5,143227.9166666667,6.238888888888889,0.010278133850640836,12.0,4,1.0,10.27131929208707,0,0.019418715175969877,0.0021012748476350743,0.11945476020728477,0.021871199239999275,261,0,17,0.18181818181818182,0,0,16,6.875,1737,24,28836575,mega,en,firework
2O7Z-M4613p,467993.0833333333,215231.3333333333,33.888333333333335,0.013953076064931211,12.0,2,1.0,1.0,0,0.06745684139899673,0.0010056369450024295,0.014733604051562453,0.0007101326869643626,20,1,15,0.07142857142857142,0,0,12,6.166666666666667,2443,23,12759795,mega,en,snack
0ZkBsB343xZ,445266.0,436305.7916666666,33.14388888888889,0.029760537775439102,24.0,2,1.0,2.081665999466133,0,0.1310840468787381,0.0015944926039173888,0.012162015209581626,-0.0008589860721249509,52,1,22,0.7647058823529411,0,0,9,5.888888888888889,635,22,10395407,mega,en,snack
JDhUjwns1V0,288031.9166666667,202011.16666666666,21.181944444444444,0.01525416353226435,36.0,2,1.0,2.217355782608345,0,0.05400198704084951,0.0021585321047837063,0.04513997882569224,0.002361528490076599,272,0,30,0.08695652173913043,0,0,8,6.5,915,24,15735574,mega,hi,firework
nMh9fMyWPZl,466288.0,153283.47916666666,13.206666666666667,0.011530023789203645,12.0,3,1.0,3.9115214431215892,0,0.044171665949303884,0.0019381424478534532,0.04633382448298611,0.002866475075176289,426,0,26,0.6190476190476191,0,0,11,5.818181818181818,348,25,20978333,mega,te,firework
t06kbzBEwze,151365.83333333334,151365.83333333334,20.568055555555556,0.017838829893724765,,1,1.0,0.7071067811865476,0,0.024482083803110385,0.002570009851933473,0.11245251347292164,-0.0009298446444649007,339,0,24,0.6842105263157895,0,0,13,6.846153846153846,1053,24,3920801,large,ta,firework
lrirIVtQkyJ,519972.75,188727.52777777775,34.422222222222224,0.01820994427373488,24.0,2,1.0,4.272001872658765,0,0.11001989790667582,0.0011471952319477377,0.011832206232773156,0.0019488343982313333,51,1,30,0.08695652173913043,0,0,3,5.333333333333333,1659,22,11707167,mega,en,snack
XzUV0i9Yiwa,277564.5,277564.5,15.439722222222223,0.03213984276835052,,1,1.0,2.1213203435596424,0,0.0332647058409049,0.0034272339551433577,0.09709744585189425,0.0029624814398672566,256,0,18,0.16666666666666666,0,0,12,6.75,422,10,21005128,mega,en,firework
OY_wbQ5hcDl,453823.25,275679.0595238095,3.827777777777778,0.015238565271750326,12.0,4,1.0,11.841211327997053,0,0.008849418891503737,0.0005004619212453325,0.0752137400718369,-7.818462688935143e-05,274,0,25,0.13636363636363635,0,0,23,6.3478260869565215,2064,22,781152,mid,en,megaphone
z6k8yYiuwM3,482840.9166666667,290880.9666666667,15.584722222222222,0.02440331037295523,12.0,3,1.0,12.280065146407,0,0.011414886318285288,0.00044351592386599695,0.03299960754515318,-0.0007374517927655286,346,0,25,0.045454545454545456,0,0,23,6.478260869565218,2076,24,570335,mid,hi,megaphone
XNXCPBnWRZc,462208.9166666667,242016.31666666665,18.997777777777777,0.02192520092136921,12.0,3,1.0,12.089940722214758,0,0.011621217860165877,0.000424946097436481,0.03533050496887837,0.0002486618405589218,354,0,32,0.041666666666666664,0,0,23,6.521739130434782,2351,10,453115,mid,hi,megaphone
7P997ulKKNV,44535.208333333336,27940.13888888889,15.32638888888889,0.005265720747147392,48.0,3,0.4,5.439056290693573,2,0.0522153338869833,0.00413648128159357,0.08865685510775131,-0.00298275596196175,1214,0,13,0.08333333333333333,0,0,10,6.6,61,24,3871962,large,hi,drumbeat
1WNwsQp_W38,117533.0,83909.94444444444,40.73583333333333,0.020618324763845893,12.0,2,0.375,4.725815626252609,1,0.03478901406994928,0.004105939088569494,0.12040744478606802,-0.003010171438561214,1115,0,20,0.14285714285714285,0,0,15,5.866666666666666,2881,24,3074563,large,hi,drumbeat
mLH68t07kzD,253617.16666666666,141307.92777777778,2.1630555555555557,0.015441596601671095,12.0,4,0.75,15.002222057637551,1,0.010889446760982309,0.0005187221044584714,0.04487839067090174,-0.001352675166908372,143,0,13,0.18181818181818182,0,0,23,6.478260869565218,2400,10,500249,mid,hi,megaphone
tc9zmtXTKwt,149746.5,69892.59722222222,68.83416666666666,0.009205590330416083,12.0,3,0.4,7.58836829188814,2,0.059682170567505105,0.005964897205250835,0.09793457020990481,0.002706578213326878,1261,0,18,0.08333333333333333,0,0,16,6.0625,1030,22,9155693,large,en,drumbeat
hbiGCaPwMNU,287032.0833333333,246083.6111111111,16.04,0.01724255732751258,24.0,3,1.0,5.259911279353167,0,0.12636249708667197,0.0016589251798393551,0.011576980629347864,0.00789457828897279,37,1,19,0.125,0,1,14,5.714285714285714,232,22,1694643,large,pa,snack
nVfyODYXsyC,594330.0,325988.2916666667,25.583333333333332,0.02572001187049628,12.0,2,1.0,7.211102550927978,0,0.11980907805183445,0.0011186704538999049,0.008651067922952848,0.01801196403444058,56,1,31,0.043478260869565216,0,0,8,6.0,1057,23,5472768,large,pa,snack
H64DKVs4DST,337613.3333333333,174239.13888888885,17.192777777777778,0.017688152767446615,12.0,3,1.0,5.678908345800274,0,0.04533594948981684,0.0038119277339675357,0.082331724425988,0.00291647706431971,399,0,30,0.045454545454545456,0,0,11,6.454545454545454,159,24,14300204,mega,te,firework
JhhN5wv6pfa,272788.9166666667,272788.9166666667,16.354444444444443,0.031960161963223585,,2,1.0,2.1213203435596424,0,0.028430678070717766,0.0017095661101192827,0.05778369778873964,0.000268311250097502,310,0,25,0.045454545454545456,0,0,16,7.0625,1195,24,17107069,mega,en,firework
vimFILei0Hs,392384.1666666667,120946.83333333333,34.14527777777778,0.011821711188291003,12.0,3,1.0,3.3166247903554,0,0.1321045818327441,0.0009131777701077651,0.005940773247510473,-0.005670718798413077,50,1,10,0.25,0,0,10,6.3,1452,22,12853999,mega,hi,snack
PVW3SWWu5GB,228585.66666666666,110745.875,17.52861111111111,0.014246580627757688,12.0,2,1.0,2.081665999466133,0,0.022168973515208645,0.004089535133289596,0.17340236238358447,0.0019765547999140536,212,0,24,0.6842105263157895,0,0,14,6.714285714285714,824,10,9759101,large,ta,firework
uPuTG2-fgSy,199493.25,110233.875,16.43027777777778,0.011208062666628804,24.0,3,1.0,3.5637059362410923,0,0.03833122659325924,0.004898700907305839,0.13992903120905187,-0.0016424778440198157,340,0,23,0.05,0,0,16,6.9375,784,25,5248542,large,hi,firework
Ksv8RWLMqRH,195295.91666666666,195295.91666666666,35.73222222222222,0.0270000792438287,,2,1.0,0.0,0,0.06403287042505026,0.0011385816211970897,0.020485783283891935,-0.004740097946219227,20,1,14,0.07692307692307693,0,0,6,6.166666666666667,2794,23,19209352,mega,hi,snack
LRnjruOHHXM,405752.0,217335.30555555553,15.670277777777779,0.022279203077630625,12.0,3,1.0,8.65544144839919,0,0.020150486192914895,0.0035540462859379386,0.17594236033813665,-0.0005108132237074958,153,0,12,0.2,0,0,15,7.066666666666666,1510,24,25053767,mega,te,firework
0w87XxkhJu4,220133.66666666666,78563.4722222222,18.959722222222222,0.01086802499571039,12.0,3,1.0,5.057996968497839,0,0.1265061662301323,0.0017355246358255376,0.012639636394267045,0.000965177404101708,59,1,19,0.0625,0,0,3,4.666666666666667,2232,24,19291111,mega,hi,snack
iERgdBlML1S,318483.9166666667,155340.9166666667,19.496111111111112,0.022999467764140656,12.0,2,1.0,5.8594652770823155,0,0.05435446391014548,0.00313258038131837,0.059703287452579565,-0.002022617685762687,366,0,28,0.04,0,0,16,6.9375,1384,24,6652308,large,te,firework
xg49WuIz2FD,186778.16666666666,74038.37499999999,19.35388888888889,0.01266640600403789,12.0,3,1.0,1.9235384061671343,0,0.030987777512504373,0.005271602800733846,0.17103991863717263,-0.002573198470193029,232,0,25,0.65,0,0,16,6.875,1371,10,20961912,mega,en,firework
DlbZDKBz1qx,258680.91666666666,258680.91666666666,13.991944444444444,0.04661160989521681,,2,1.0,2.8284271247461903,0,0.028036166741345188,0.004043784410391446,0.14521867184030293,0.002970667807999764,273,0,37,0.07142857142857142,0,0,12,6.25,1309,10,26959998,mega,te,firework
H8Ykr9s9d_m,272787.5833333333,145878.30555555556,20.943055555555556,0.021457971640489227,12.0,3,1.0,4.320493798938574,0,0.055790292796946396,0.004846294029426045,0.09218732103431797,0.0015915787706443085,124,0,25,0.65,0,0,16,6.875,1379,10,19027110,mega,ta,firework
QHK4WiBQL7c,319913.0833333333,258206.41666666666,16.3775,0.02052605796714679,12.0,2,1.0,7.0,0,0.043687845539945626,0.0022062833294249676,0.05067654688573767,0.0007290209466427958,453,0,28,0.6363636363636364,0,0,16,6.875,505,25,11819599,mega,ta,firework
mP1ZKiO_l5H,351908.8333333333,351908.8333333333,14.020555555555555,0.03287525969498185,,1,1.0,10.606601717798213,0,0.023965620503704092,0.002209626613046101,0.0929203964962288,0.0002744150498250608,374,0,24,0.047619047619047616,0,0,15,6.733333333333333,2490,24,15723855,mega,en,firework
rFxq6ZY3_Xj,344621.5,325518.0833333334,16.241944444444446,0.02761845715424077,24.0,2,1.0,12.529964086141668,0,0.02393151993212163,0.0025731336271654684,0.10415451320457234,-0.00034658966319284223,268,0,21,0.05555555555555555,0,0,16,6.9375,597,24,17179985,mega,en,firework
6c-N3SDO5v8,364968.0833333333,153636.27777777778,19.674444444444443,0.013452360352533927,12.0,2,1.0,9.322910847297997,0,0.1335081876341851,0.000648099971463067,0.005127897299855237,-0.006112329538352057,18,1,13,0.08333333333333333,0,0,5,5.2,109,24,7801887,large,en,snack
MBKxOekcGLs,258816.41666666666,250435.5833333333,19.503055555555555,0.029549784741202498,12.0,2,1.0,12.0,0,0.023717040910562263,0.001853307455866796,0.0675780933348841,0.00032205809075000133,253,0,17,0.18181818181818182,0,0,16,6.75,1775,24,7619417,large,ta,firework
blgCiOJmFRo,296781.0833333333,207814.625,13.248055555555556,0.026977904592504914,12.0,2,1.0,10.016652800877813,0,0.03869473863455259,0.0012527400199501628,0.03792096712417024,-0.000428503296191686,400,0,12,0.2,0,0,10,6.9,463,25,12314718,mega,ta,firework
mtt7DlY1gHS,214905.75,190404.7916666667,20.7175,0.027001917236907563,12.0,2,1.0,6.658328118479393,0,0.04908162557594429,0.003645642408692333,0.07314146553521446,-0.005466156600545835,159,0,17,0.09090909090909091,0,0,10,7.4,299,24,16029253,mega,hi,firework
realXrfnCNY,384156.4166666667,166055.33333333334,24.672777777777778,0.020954912121221105,12.0,3,1.0,14.024977718342372,0,0.014850954189465845,0.0002461378324477605,0.017329878360758555,-6.268346677859235e-05,218,0,14,0.16666666666666666,0,0,23,6.478260869565218,1276,24,37734,micro,en,megaphone
1sEilX67f5L,263691.5833333333,163538.80555555553,13.301111111111112,0.023611204191653187,24.0,2,1.0,10.012492197250394,0,0.02983757623566054,0.004670668026715483,0.15969878795540818,0.00019927998467721836,412,0,30,0.08695652173913043,0,0,16,6.6875,627,24,14946446,mega,en,firework
u2ZrSxIwjis,184807.16666666666,184807.16666666666,13.467777777777778,0.03677165160926509,,1,1.0,2.1213203435596424,0,0.021997839752042975,0.00471877154075763,0.2155132226638117,-0.00327354805219748,368,0,12,0.2,0,0,16,6.6875,1790,25,27915269,mega,te,firework
xxylNhvLVOm,146427.5,146427.5,33.69777777777778,0.030871554922030836,,1,1.0,0.0,0,0.10264694247424486,0.0008304538932368401,0.00797758280437067,0.0009376176786261431,26,1,15,0.1111111111111111,0,0,11,6.090909090909091,691,24,11499515,mega,pa,snack
WOk0nqGAH39,442593.4166666667,297377.0,26.954166666666666,0.018326617500763226,12.0,2,1.0,6.082762530298219,0,0.1103432381443218,0.0007519171362922267,0.00743382149626669,-0.00777200943453428,42,1,18,0.08333333333333333,0,0,9,6.222222222222222,2020,23,990967,mid,pa,snack
wGJoDpZG5p7,488039.0,488039.0,28.5275,0.035926940908998714,,2,1.0,12.020815280171307,0,0.06930345652563376,0.0013861515999718786,0.016713478360341327,0.008813676923876884,60,1,28,0.04,0,0,10,6.0,1169,24,8439555,large,pa,snack
No7TOAfXzIP,267141.0833333333,267141.0833333333,35.97027777777778,0.023471774868022776,,2,1.0,7.0710678118654755,0,0.10708031015167317,0.0013037934138553629,0.013001493127712562,0.005744712000329971,49,1,19,0.15384615384615385,0,0,9,6.555555555555555,1313,23,7216591,large,en,snack
JWAPnjgPt1X,369260.1666666667,145076.5,19.418055555555554,0.012396417220126675,12.0,3,1.0,10.089598604503552,0,0.05390105077541556,0.0024813352420850706,0.05593011547588233,-0.010935613446035601,276,0,28,0.04,0,0,16,6.8125,922,25,26089289,mega,ta,firework
YLCRwmB-xRw,269500.9166666667,269500.9166666667,35.409166666666664,0.027802947549449623,,2,1.0,8.48528137423857,0,0.08613747957471535,0.0005268886970530625,0.006198952364758976,-0.0009953551002036681,52,1,13,0.18181818181818182,0,0,15,6.066666666666666,2346,22,10624288,mega,hi,snack
sIE3HwMMcrc,235673.75,235673.75,13.545833333333333,0.025022945740421663,,2,1.0,9.192388155425117,0,0.14549398489763046,0.0005616156483272212,0.003944415338542775,0.006272932884073046,21,1,24,0.047619047619047616,0,0,3,7.333333333333333,169,23,4048020,large,hi,snack
a1bn8KUH1sh,384907.75,145424.39583333334,23.45916666666667,0.01245540034795028,24.0,3,1.0,11.970797801316335,0,0.02569290346008818,0.003526135847264346,0.15050480231681762,8.502941606122749e-05,365,0,18,0.06666666666666667,0,0,16,6.875,2084,24,3870166,large,hi,firework
awUrqbQ38LU,202737.25,202357.6666666667,17.156666666666666,0.02240705419594078,24.0,2,1.0,11.015141094572204,0,0.050888937157972824,0.004527059855700142,0.06328018805331873,0.0027727780411858916,119,0,20,0.1875,0,1,13,6.538461538461538,2207,25,22228651,mega,hi,firework
Goa6VMZ0uoj,250982.91666666666,192716.80555555553,30.773611111111112,0.020556062604754365,12.0,3,1.0,13.527749258468683,0,0.01090413639565087,0.0009178512557493245,0.0825211403890112,-0.00032616390597099004,337,0,16,0.14285714285714285,0,0,23,6.478260869565218,1113,10,524414,mid,hi,megaphone
pcqKco5wmna,301304.4166666667,227221.86111111112,35.27361111111111,0.023352122999084405,24.0,3,1.0,16.132265804901678,0,0.018917588917044835,0.0003033396026612887,0.0153464499572284,0.0008255291278018682,213,0,23,0.1875,0,0,23,6.521739130434782,1332,24,801730,mid,hi,megaphone
TBQ-MXKoIfq,289640.9166666667,289640.9166666667,19.186944444444446,0.037219066286345706,,2,1.0,13.435028842544403,0,0.10412164894151732,0.000999438474270433,0.009746062217367207,-0.001795183312530993,25,1,17,0.09090909090909091,0,0,14,6.0,1621,24,8735376,large,en,snack
uwYvO7SFIDr,605328.0,605328.0,32.25388888888889,0.043471798657044015,,1,1.0,12.727922061357855,0,0.060475050708530334,0.0006353724052179921,0.01054707840261977,-0.006395260578859384,15,1,24,0.047619047619047616,0,0,6,5.833333333333333,2115,22,13632588,mega,hi,snack
Q0eMWGLzufJ,556176.4166666666,457472.875,29.79,0.030565307811581777,24.0,2,1.0,11.718930554164631,0,0.11720975573943719,0.0016005304841069645,0.015135109649413041,-0.013192098593279744,47,1,13,0.18181818181818182,0,0,8,5.75,1181,23,5041266,large,hi,snack
ncKfJ6QP-ol,442516.1666666667,250522.52777777778,25.98472222222222,0.017361607146417407,12.0,2,1.0,10.923979738782625,0,0.06490653742159516,0.001533095085551489,0.02512440214503116,0.0039261445856390645,45,1,15,0.15384615384615385,0,0,4,5.0,711,23,9083688,large,en,snack
OHlFQ08rOZ2,352729.5833333333,191366.7708333333,22.864722222222223,0.01239890930496019,12.0,3,1.0,12.449899597988733,0,0.04448181662470361,0.004262107158938946,0.10338077343354388,-0.002391736971735288,182,0,19,0.07692307692307693,0,0,16,6.875,393,25,8740519,large,te,firework
fa7TLsSYEij,230699.75,230699.75,13.779722222222222,0.02340030029991971,,1,1.0,10.606601717798213,0,0.02569337112443418,0.0010348427454431649,0.035378313118483676,-0.0006978816808198285,98,0,17,0.18181818181818182,0,0,16,6.875,2251,10,9775337,large,hi,firework
uZQAozI94VP,252300.83333333334,213999.41666666666,14.696666666666667,0.017488603196145376,36.0,2,1.0,14.522970311429637,0,0.03135476048797746,0.001763219467995718,0.05623526985060716,0.0017584507539867705,166,0,22,0.05263157894736842,0,0,16,6.875,2269,10,15405867,mega,hi,firework
CDsBxx8Qe5V,321976.5833333333,321976.5833333333,34.03944444444444,0.03160796424614109,,1,1.0,16.97056274847714,0,0.13879841803372145,0.0008121201374030663,0.00535191235871273,-0.003251920405548253,16,1,18,0.08333333333333333,0,0,7,6.0,1700,24,9493592,large,pa,snack
Ie-U_J5FNbE,423917.25,423917.25,31.67361111111111,0.04157749701044556,,1,1.0,21.213203435596427,0,0.09760870366264493,0.0012499926737305552,0.012202485685697033,0.0009580429788768885,27,1,17,0.13333333333333333,0,0,8,6.25,2668,24,7421083,large,en,snack
rq5bMBWizQt,413402.6666666667,311177.2083333334,22.669722222222223,0.028389068828377214,24.0,2,1.0,19.08751773629388,0,0.02292506177207265,0.002592899713993645,0.11126612884743199,-6.2308113311371205e-06,123,0,18,0.13333333333333333,0,1,11,6.363636363636363,1456,10,28542761,mega,te,firework
4IQAwo8fzYP,529891.0,529891.0,30.26527777777778,0.05058614382755444,,1,1.0,24.041630560342615,0,0.09498422455590638,0.0015703023886306578,0.01685744152525098,0.007325667971176161,49,1,23,0.11764705882352941,0,0,7,4.857142857142857,2418,22,9678950,large,en,snack
1ylQhdxomTw,383479.8333333333,299501.625,16.9975,0.028417488149028548,24.0,2,1.0,18.903262505010435,0,0.11826424567079226,0.0009016510678164998,0.006990596297695759,0.0019916933006049325,19,1,16,0.2,0,0,7,6.0,1783,22,14049689,mega,hi,snack
BuelCtuQ7UE,149893.58333333334,149893.58333333334,27.62361111111111,0.019437541790446718,,1,1.0,12.020815280171307,0,0.014209913953056269,0.0005395981149605615,0.03300455542159901,0.0001694060863661577,206,0,38,0.13793103448275862,0,0,23,6.478260869565218,1227,22,669664,mid,en,megaphone
tivbJ_BH9Ib,222786.41666666666,198997.75,13.1525,0.013597738986457471,24.0,3,1.0,8.962886439832502,0,0.11893794750947856,0.0012606108262544886,0.010507304543265372,-0.0014909025049741065,36,1,34,0.038461538461538464,0,0,15,6.066666666666666,1010,24,16778667,mega,pa,snack
RpuTFVW3t-e,489628.25,327379.0,27.464166666666667,0.02418467641437361,12.0,2,1.0,12.165525060596439,0,0.08150778987476931,0.0014145887855252833,0.014757103574702108,0.006930069860598215,13,1,19,0.0625,0,0,14,5.642857142857143,1780,22,151465,mid,hi,snack
QfD0yOCahhP,434049.6666666667,176974.30555555553,22.36611111111111,0.011194636880918742,12.0,3,1.0,8.73212459828649,0,0.04675961867117075,0.0013122647017004736,0.028037703332639417,-0.0014223110638552847,444,0,19,0.0625,0,0,16,6.875,577,10,16893462,mega,ta,firework
ELqXe43HBLf,581989.5833333334,251830.77777777775,16.32111111111111,0.019458777999983145,24.0,3,1.0,12.780193008453876,0,0.10304458679290139,0.0005437653548660941,0.0055030302046062355,-0.013317530650060916,25,1,18,0.16666666666666666,0,0,13,6.384615384615385,1893,22,12768220,mega,en,snack
-KZ6Kzy8eyE,195357.5,195357.5,15.21888888888889,0.01927797438129173,,2,1.0,8.48528137423857,0,0.03986684167834037,0.0035941946205578124,0.09925312656440465,-0.0012460559979923652,168,0,16,0.06666666666666667,0,0,10,6.6,2456,24,4833141,large,ta,firework
ArF78uWwFg9,247415.0,180799.79166666666,37.8925,0.01644604861613474,12.0,2,1.0,9.60902353693305,0,0.005743473619435499,0.0007370974825757394,0.1291342574680133,-0.00012711781301536895,290,0,17,0.18181818181818182,0,0,23,6.608695652173913,298,24,15178,micro,hi,megaphone
lVUeETW8b8E,313716.3333333333,111837.86111111111,54.808055555555555,0.013016554521872382,12.0,3,1.0,9.358596760910972,0,0.01489266336835294,0.0006968640990781397,0.04453574807406406,0.0005502310948738952,174,0,22,0.05263157894736842,0,0,23,6.3478260869565215,2517,24,684498,mid,hi,megaphone
CJ404vTwH8V,439790.9166666667,225040.64583333334,42.23361111111111,0.01937495274265185,12.0,3,1.0,14.342245291445828,0,0.013183523288968902,0.0009443222982018819,0.06640410368296723,0.00020521485144514053,294,0,26,0.10526315789473684,0,0,23,6.478260869565218,1176,24,860274,mid,hi,megaphone
W1Qy4TqJSZs,86215.66666666667,86215.66666666667,43.24916666666667,0.010858611031066917,,2,1.0,10.606601717798213,0,0.12458710227642683,0.0021621786161397844,0.016224738313835148,-0.008295650281410313,16,1,36,0.03571428571428571,0,0,9,5.666666666666667,1188,22,15280692,mega,hi,snack
e39eK27GzdS,168767.5,105954.54166666667,19.0775,0.012868596559512249,12.0,2,1.0,10.115993936995679,0,0.04378626554600858,0.004135845015888341,0.09902901825203067,-0.0024633711284397855,289,0,11,0.2222222222222222,0,0,16,6.875,157,24,14466702,mega,hi,firework
7Wt3kCuZPYr,81981.75,39715.125,27.185555555555556,0.005637942971676405,12.0,2,1.0,5.196152422706632,0,0.04704173385116701,0.0047911057171081675,0.10071878473508707,-0.0010263331481216373,220,0,26,0.10526315789473684,0,0,10,6.2,1117,10,13943980,mega,ta,firework
lQk1i2ghGFN,194393.25,169277.75,43.47694444444444,0.020080909294211337,12.0,2,1.0,13.613718571108091,0,0.017366578339909112,0.0007188894062625061,0.041884929616935046,0.0002845947686376943,343,0,12,0.2,0,0,23,6.521739130434782,2122,10,324866,mid,en,megaphone
BUa8hZAgtOg,164829.58333333334,55686.0,38.76138888888889,0.00788399855127558,12.0,2,1.0,6.244997998398398,0,0.09643333378102305,0.0005743644426084528,0.005446518802191372,0.002225550014167868,34,1,11,0.2222222222222222,0,0,9,5.888888888888889,2758,23,16421592,mega,en,snack
HH41981T1JF,106640.33333333333,73745.75,25.420277777777777,0.010315245960566701,12.0,2,1.0,8.386497083606084,0,0.03950650171057016,0.004477737378662774,0.11432616497764483,-0.0023317982221909145,271,0,22,0.05263157894736842,0,0,16,7.0625,2058,25,12877136,mega,hi,firework
FUB8k_d9euE,31069.833333333332,-878.6666666666662,31.85972222222222,0.0003920337870805501,12.0,3,1.0,5.377421934967226,0,0.039839027307334046,0.001415295486364454,0.03550935550935551,-0.0009297335472686005,232,0,18,0.16666666666666666,0,0,16,7.0625,129,24,11445476,mega,en,firework
YA9PkmoRXdj,23784.666666666668,-16792.875,37.17638888888889,-0.002782781552489087,12.0,2,1.0,6.557438524302,0,0.08561913021534408,0.0020415884367177696,0.02096248828867554,-0.007338240687448899,21,1,23,0.05,0,0,14,5.857142857142857,1098,23,4681527,large,hi,snack
JalZvU_1Yrs,384138.1666666667,384138.1666666667,15.179722222222223,0.028092067070477813,,1,1.0,7.0710678118654755,0,0.09839147328942638,0.001452585143371815,0.013025704254062695,0.004215592314301672,60,1,18,0.06666666666666667,0,0,8,6.5,1219,23,15467541,mega,en,snack
AsitGtZNBaq,424394.6666666667,287023.0833333334,34.07083333333333,0.022365473920441397,12.0,2,1.0,8.326663997864532,0,0.12922353569994754,0.0011620931785025414,0.00904173284533757,-0.0011949617976691196,31,1,25,0.045454545454545456,0,0,4,6.0,1564,22,12973101,mega,pa,snack
JmJ9Iu768sX,133916.83333333334,102633.08333333334,32.81777777777778,0.011247029874744574,24.0,2,1.0,3.2145502536643185,0,0.05995068632426099,0.0006661181261213223,0.010821205597950084,0.0004364258587433584,34,1,32,0.08,0,0,13,5.615384615384615,2465,22,6261790,large,hi,snack
kgDduJBBn0x,386142.4166666667,194526.95,27.735277777777778,0.013825421540920993,12.0,3,1.0,12.149074038789951,0,0.01643516055429523,0.00031384751531638567,0.01895273729561247,-0.0005815324050913798,353,0,26,0.043478260869565216,0,0,23,6.521739130434782,892,22,687713,mid,en,megaphone
4VPePvHS0Bb,160171.33333333334,160171.33333333334,26.354444444444443,0.019125077456821137,,1,1.0,1.4142135623730951,0,0.053741894404828294,0.0010873350013072634,0.021821281543634708,0.0011586375071369129,328,0,22,0.7647058823529411,0,0,10,7.2,1004,10,28843372,mega,te,firework
gUOuFlyqTwZ,476747.25,476747.25,22.626666666666665,0.05061749645699048,,1,1.0,12.020815280171307,0,0.054131360161370295,0.005031728054964269,0.09306575179171088,0.0012135524708244833,252,0,30,0.08695652173913043,0,0,10,5.9,2075,24,3977112,large,en,firework
DHfhXWNZtqx,-48984.083333333336,-48984.083333333336,40.346111111111114,-0.007597999702984096,,1,1.0,6.363961030678928,0,0.11536397124036196,0.0017018152304630462,0.014735680049188803,0.0017061289027575227,16,1,14,0.18181818181818182,0,1,10,5.3,622,24,18350349,mega,en,snack
SKMWjsoxxs8,244439.58333333334,206242.52777777778,20.15,0.020624905200272957,36.0,2,1.0,12.409673645990857,0,0.02513963925082026,0.003544144548801851,0.1394499627477715,-0.0015064089872578908,259,0,12,0.2,0,0,16,6.6875,895,10,22104072,mega,hi,firework
ASYZfw3bkB6,412631.3333333333,228662.25,19.37527777777778,0.027205574681891644,12.0,2,1.0,13.0,0,0.11448726957917076,0.0011712962241981443,0.009777882511582086,-0.014160218893288237,49,1,21,0.13333333333333333,0,0,12,6.333333333333333,1302,24,9634162,large,hi,snack
QcEQIpME1Vg,313752.0833333333,242215.0,58.65472222222222,0.028521512090067567,24.0,2,1.0,13.45362404707371,0,0.019409407650404043,0.00042127642245514335,0.02624948397841962,-0.0009748573424352737,344,0,22,0.05263157894736842,0,0,23,6.3478260869565215,1260,22,210888,mid,hi,megaphone
hffV7Vhx29K,93549.41666666667,52304.458333333336,32.70472222222222,0.009762747064564106,12.0,2,1.0,5.507570547286102,0,0.052922929624728034,0.0043444242001704795,0.08985107779606338,-0.0005418371830538393,209,0,27,0.1,0,0,11,7.2727272727272725,675,25,20595088,mega,en,firework
QA7GQ3GYJ2Q,565593.8333333334,259025.3055555556,14.176388888888889,0.014651256823858844,12.0,3,1.0,8.755950357709132,0,0.09114807604750075,0.0007637384892438257,0.007967383523699854,-0.000587325730742369,45,1,30,0.08695652173913043,0,0,14,6.0,2229,24,18919092,mega,hi,snack
gMxD1_21Vge,409668.3333333333,409668.3333333333,28.74222222222222,0.03332724914075339,,2,1.0,7.7781745930520225,0,0.08020931183084276,0.0005586722974802775,0.006502856803546923,0.0021893935949250792,29,1,22,0.05263157894736842,0,0,15,6.0,2564,23,12198471,mega,en,snack
SPDhFcry0fr,505522.0,505522.0,23.986944444444443,0.04222988781090887,,2,1.0,13.435028842544403,0,0.05059720643040627,0.005319139476690763,0.10524312814306148,6.232622353377626e-05,108,0,17,0.14285714285714285,0,1,16,6.8125,112,25,29549490,mega,hi,firework
aA9Kdt5HZBy,615069.1666666666,615069.1666666666,15.544166666666667,0.0494651450403267,,2,1.0,16.263455967290593,0,0.06758867379184388,0.0014185117085972476,0.01974991084242281,0.005637997019772106,46,1,30,0.08695652173913043,0,0,15,5.866666666666666,180,22,13446935,mega,en,snack
54fuPTkUfTO,306377.0833333333,208327.63888888888,13.538333333333334,0.01682705920475789,12.0,3,1.0,11.387127235025815,0,0.04519733311346717,0.003213946700396035,0.06479648066927761,0.0034592503362643745,392,0,30,0.08695652173913043,0,0,16,6.875,1052,24,618544,mid,en,firework
pge9mxRfTVd,423920.8333333333,238768.83333333334,23.95277777777778,0.02021989785455963,12.0,3,1.0,13.4412301024373,0,0.13241727951502935,0.0018409199063994409,0.01727998064454391,-0.0036798833036253975,57,1,26,0.10526315789473684,0,0,7,5.714285714285714,1932,23,9247441,large,hi,snack
wfZiPK7jse7,326271.0,247705.16666666666,20.555,0.022869388011348423,36.0,3,1.0,15.083103128998356,0,0.011324958103893973,0.000599194555605684,0.055937863414738234,-0.0017730524511421104,101,0,17,0.18181818181818182,0,0,23,6.3478260869565215,1833,24,366140,mid,en,megaphone
OTzBnliJ1xA,257099.91666666666,184056.6111111111,15.697777777777778,0.019607328354255413,36.0,3,1.0,13.022416570411705,0,0.0381573914337876,0.0013130823436337709,0.03414687555224316,0.0026789318298460346,449,0,14,0.16666666666666666,0,0,15,6.6,2206,10,20786112,mega,hi,firework
aVZ7jk4nML8,167349.75,102879.625,44.24166666666667,0.015424761167261046,12.0,2,1.0,11.239810200058244,0,0.011272189798044646,0.0005547522238276431,0.047575171917839006,1.5177794001838135e-05,63,0,32,0.041666666666666664,0,0,23,6.478260869565218,207,10,278269,mid,en,megaphone
RdVE0Q-gN7T,157402.16666666666,157402.16666666666,25.488888888888887,0.025319219854126024,,2,1.0,11.313708498984761,0,0.13559257526210494,0.0015023534797799156,0.011208278472590802,-0.013483977150134135,41,1,13,0.08333333333333333,0,0,8,6.0,1108,23,4744257,large,en,snack
ZPmgeM2bsIe,147548.83333333334,85130.41666666667,33.45722222222222,0.014357737135261757,12.0,2,1.0,8.736894948054106,0,0.054393502150084254,0.004438152833296186,0.07880749853784669,0.005431326419958714,284,0,18,0.06666666666666667,0,0,12,7.333333333333333,2992,25,11617193,mega,en,firework
OjNB-tWKzba,241328.5,186196.88333333333,30.94388888888889,0.018820236595016537,12.0,4,1.0,16.08311744241976,0,0.018122009907720334,0.0004535392431761944,0.022855495614215706,0.0003384087195022027,71,0,29,0.09090909090909091,0,0,23,6.3478260869565215,1158,22,122006,mid,hi,megaphone
LwbtEPVmNma,155563.25,40155.97222222222,123.03777777777778,0.009669356772481095,12.0,3,1.0,7.54983443527075,0,0.0512491884365836,0.004676985010201466,0.07736709682655629,-0.0009059782757569954,1429,0,24,0.6842105263157895,0,0,16,6.25,1431,24,1953311,large,en,drumbeat
tm8EIY9B6K0,229845.75,132958.66666666666,20.138055555555557,0.010968154092430684,24.0,2,1.0,7.724420150837645,0,0.040092862547108844,0.004512016216641688,0.10788978583816532,-0.0033393763562179976,265,0,11,0.2222222222222222,0,0,14,6.571428571428571,1286,25,21783343,mega,te,firework
EpolLA1UvWF,203486.83333333334,203486.83333333334,23.610833333333332,0.01977668865275309,,1,1.0,9.899494936611665,0,0.11389319480172028,0.0010292912837611993,0.008729616634025978,0.008823319029930887,15,1,27,0.1,0,0,9,5.888888888888889,1532,23,19552222,mega,en,snack
0tqzsbTLRQ_,307133.0,207487.4,43.04388888888889,0.01586828324417894,12.0,3,1.0,9.092121131323903,0,0.006417152606513726,0.0002115753294174167,0.030183621888952822,0.0006000241126031293,63,0,25,0.1111111111111111,0,0,23,6.434782608695652,2728,10,598682,mid,en,megaphone
E-aoiwcn1LG,419981.9166666667,214558.25,31.67361111111111,0.0200501191206846,24.0,2,1.0,10.90489186863706,0,0.060968778655309516,0.0011052312534960958,0.019908157781773635,-0.004560552490289457,34,1,27,0.1,0,0,4,6.5,2506,23,12735690,mega,pa,snack
rQvTNDgcgBM,180237.83333333334,180237.83333333334,20.68777777777778,0.021607454114210348,,1,1.0,8.48528137423857,0,0.1134105108496909,0.001887226339508311,0.01827792447724707,-0.00046868247563851273,35,1,25,0.045454545454545456,0,0,4,6.0,391,23,11631685,mega,en,snack
S1CtiYkqE_X,256798.75,142254.83333333334,21.795555555555556,0.016018946252907642,12.0,2,1.0,4.509249752822894,0,0.04047361670380337,0.0020182274105775117,0.04956996428053682,7.284557121219754e-05,338,0,22,0.7647058823529411,0,0,11,6.454545454545454,2701,24,15546783,mega,en,firework
OTKaoZ3DFF2,305199.8333333333,269593.5,34.418055555555554,0.0284964574566229,12.0,2,1.0,10.692676621563626,0,0.08455526160527345,0.0019275643103793434,0.02387817042140906,-0.01665587367527699,33,1,16,0.1,0,0,3,6.333333333333333,969,22,13646321,mega,pa,snack
FKNcy5hs5Q6,282623.5,219131.7083333333,21.371111111111112,0.024960088353507433,24.0,2,1.0,10.692676621563626,0,0.03051577407122377,0.0031065307078461907,0.08557675633352076,0.0015319072831256088,127,0,30,0.08695652173913043,0,0,16,6.9375,1216,25,27904731,mega,hi,firework
ddhvqDos9pe,58217.333333333336,20565.083333333336,34.44277777777778,0.0031198860650061802,12.0,2,1.0,2.6457513110645907,0,0.10804166567429346,0.0006610175029629633,0.006635667013101707,-0.002643680707840129,39,1,20,0.058823529411764705,0,0,13,5.923076923076923,2224,22,12611752,mega,hi,snack
pPL6etvbuD3,443871.8333333333,214600.7083333333,17.5575,0.026172505732229345,12.0,2,1.0,14.571661996262929,0,0.03817488201041675,0.003144009174557901,0.07711838191552647,-0.00036178052010980843,118,0,30,0.08695652173913043,0,0,16,6.75,2117,25,7683336,large,en,firework
56puAuGAHUo,218499.75,139545.1388888889,34.15416666666667,0.017083993487201188,12.0,2,1.0,9.604686356149273,0,0.12857786093342843,0.0019163829963696228,0.014437922774497944,0.013526942579658863,52,1,30,0.08695652173913043,0,0,7,5.714285714285714,311,22,17433491,mega,pa,snack
iSqi_Gp0ORS,293002.1666666667,123228.19444444445,30.216666666666665,0.01799073766468598,24.0,2,1.0,11.67618659209133,0,0.018563127819729713,0.0009862516808150958,0.05406850675489061,-0.0005689943042174531,298,0,16,0.06666666666666667,0,0,23,6.434782608695652,1534,22,707840,mid,en,megaphone
osZIgN7LXEH,95256.75,54460.64583333333,94.8086111111111,0.008276850883589293,12.0,3,1.0,6.760177512462229,0,0.046322341442549334,0.005811345412113991,0.11999462920127678,-0.002357327160148505,1393,0,22,0.05263157894736842,0,0,16,6.0625,2923,24,6308322,large,hi,drumbeat
wWM0-3TgnU5,36217.916666666664,18109.19444444444,131.23666666666668,0.0038087609605054855,12.0,2,1.0,3.095695936834452,0,0.04725531992278263,0.005646867240478178,0.12996507281915523,0.0013609582473640067,1498,0,18,0.1,0,0,16,5.9375,1863,23,1259977,large,hi,drumbeat
FM9gkXk4xs1,441425.9166666667,217781.04166666666,17.518055555555556,0.02597779246238599,24.0,3,1.0,18.102486017119308,0,0.008320244614484603,0.00030743026179222194,0.04082393016819246,0.0007878824982206281,249,0,12,0.2222222222222222,0,1,23,6.478260869565218,1593,10,452816,mid,en,megaphone
Jd7EwMQZTZa,31718.416666666668,31718.416666666668,38.27638888888889,0.006438044085836712,,1,1.0,5.656854249492381,0,0.029538321274190888,0.0038991118174651136,0.15059659016735855,0.000774795372217911,221,0,12,0.2,0,0,16,6.8125,196,25,9993404,large,te,firework
WgMMn6Gf1n2,378255.75,214681.36111111112,33.78777777777778,0.015560552417088487,24.0,3,1.0,5.446711546122731,0,0.09968188554687443,0.0010352116317811754,0.010684623915200525,-0.00874885869467229,21,1,19,0.0625,0,0,12,5.916666666666667,2163,23,15877510,mega,en,snack
_GhMv6kD9ac,174788.58333333334,157094.77777777778,21.27777777777778,0.013958892825098039,24.0,3,1.0,6.3966136874651625,0,0.04567336941253358,0.0013911743607168468,0.02424100002274157,0.0018858518645485309,213,0,30,0.045454545454545456,0,0,11,6.454545454545454,447,10,14881044,mega,te,firework
QkrZWaMCw5f,510024.0833333333,321226.5416666666,26.65361111111111,0.029459525614772324,12.0,2,1.0,10.969655114602888,0,0.10800780384696607,0.0007545304407874311,0.007823547187453256,-0.005032229435378038,19,1,30,0.045454545454545456,0,0,4,4.75,1620,22,6109042,large,pa,snack
BgHy_HBfK0y,378246.25,378246.25,22.83861111111111,0.03945445710356074,,2,1.0,9.899494936611665,0,0.10353086009095003,0.0009147282670353691,0.008816841021564405,-0.0030261071293867514,40,1,12,0.2,0,0,11,5.636363636363637,322,23,19511320,mega,en,snack
ap8FhkoemQu,497286.0,254137.08333333334,15.97638888888889,0.01529105781061315,12.0,4,1.0,9.780933834080807,0,0.005619692058993824,0.0009702843014529302,0.17031990739716735,0.0002510354978512352,208,0,25,0.65,0,0,23,6.478260869565218,1980,22,209100,mid,en,megaphone
4xwG6PMCAK0,391256.0833333333,391256.0833333333,13.811388888888889,0.041420609153152314,,2,1.0,10.606601717798213,0,0.04437512256820027,0.003434818485172924,0.08388182616469024,-0.004388504137296488,317,0,17,0.0625,0,0,13,6.538461538461538,1429,10,4741211,large,hi,firework
oCA35aZJRTx,104603.5,104603.5,39.640277777777776,0.014406136242354662,,2,1.0,4.242640687119285,0,0.018965374017681377,0.0009258058926873869,0.043186355791682174,-0.0005562676558583078,308,0,23,0.05,0,0,23,6.391304347826087,691,22,417826,mid,hi,megaphone
4juYvAPE_Nk,313552.25,135006.1111111111,15.54,0.016673097141221584,24.0,3,1.0,10.21028892833107,0,0.029548340510368136,0.0038343654878721972,0.12347280397543875,0.004294409494657314,126,0,14,0.07692307692307693,0,0,11,6.363636363636363,1049,24,21650176,mega,ta,firework
jw4ep6ndMBQ,173415.33333333334,123192.83333333334,34.091388888888886,0.018620499495961715,12.0,2,1.0,9.539392014169456,0,0.0936881156656984,0.0009215159897343651,0.010363972693471819,-0.002366386526492445,20,1,17,0.13333333333333333,0,0,3,5.333333333333333,2470,23,9573306,large,pa,snack
WFg0WJcV4W4,171683.08333333334,145601.33333333334,31.529166666666665,0.021117834355540734,12.0,3,1.0,11.786291472158096,0,0.01866978275179878,0.0007167590980748228,0.03469701129788381,0.002139285400465766,119,0,21,0.05555555555555555,0,0,23,6.434782608695652,2822,24,977441,mid,en,megaphone
9rCXYrj2dpO,54784.041666666664,54784.041666666664,78.46472222222222,0.010794210015534746,,2,0.6666666666666666,6.363961030678928,1,0.053308243746643766,0.004675050181627301,0.10410326406394901,-0.0003016623859031023,1402,0,20,0.14285714285714285,0,0,10,6.2,2613,23,5202580,large,en,drumbeat
MzNfB77-25U,208691.58333333334,135567.125,20.19333333333333,0.023084007239996755,12.0,2,1.0,10.263202878893768,0,0.03478867278888285,0.0034770813218649634,0.10291015240244274,0.0003655746890010303,437,0,21,0.8125,0,0,16,6.875,2687,10,24517093,mega,te,firework
nSGLsKhNZe0,-754.4166666666666,-754.4166666666666,123.0775,-0.00017875107125149656,,2,0.6666666666666666,1.4142135623730951,1,0.0499492255534152,0.0026518295137968545,0.0566798130443158,-0.006217429888434801,810,0,13,0.18181818181818182,0,0,16,6.25,1115,23,4146181,large,hi,drumbeat
gZCubN8j3Zs,92740.83333333333,58063.44444444444,119.25666666666666,0.010620841022109077,12.0,3,1.0,8.906926143924924,0,0.06474277076748247,0.005232443255415676,0.07882935810933582,0.0014185168281835026,1346,0,17,0.14285714285714285,0,1,16,6.0625,2459,23,7383194,large,en,drumbeat
u1RNB6ede4I,348674.5,279153.9166666667,16.25138888888889,0.017890064316484888,12.0,2,1.0,8.05708797684788,0,0.06711280900232705,0.0013994942238316401,0.019423411430904407,0.002808257339127554,28,1,17,0.16666666666666666,0,0,11,5.0,883,23,16234676,mega,hi,snack
0FMKM3Qcg1P,442456.6666666667,397151.6666666667,22.423333333333332,0.03152320071483157,12.0,2,1.0,13.114877048604,0,0.05164957671727007,0.0017367741072367405,0.03857806653147189,0.0006834184507834573,143,0,17,0.0625,0,0,16,6.6875,1693,25,3815318,large,te,firework
pKGhQLXHFfM,313237.0833333333,238250.8611111111,22.434166666666666,0.01956161972106125,12.0,2,1.0,10.55146119422961,0,0.05303237642954852,0.003910411090836816,0.07570826167717502,0.001643126135892882,460,0,25,0.045454545454545456,0,0,8,7.625,1316,25,12680192,mega,en,firework
ViD8z-G2Tyw,471926.0,276808.4166666667,35.33777777777778,0.02746739151822111,12.0,2,1.0,10.598742063723098,0,0.00895615416541142,0.0007790249533792355,0.07806221282999536,0.00017598420873914458,222,0,29,0.09090909090909091,0,0,23,6.478260869565218,720,10,855442,mid,hi,megaphone
lxcmfGZ5jvE,83259.25,68372.58333333333,19.315,0.009037581395917427,24.0,2,1.0,7.211102550927978,0,0.04109104892563881,0.0022091588152032405,0.05367863378698366,-0.0007895860853089215,200,0,17,0.18181818181818182,0,0,14,6.642857142857143,896,25,19879692,mega,ta,firework
cd_E1QWL2fP,358897.6666666667,249477.02777777778,14.085277777777778,0.022907104428795136,12.0,2,1.0,12.503332889007368,0,0.04653753063227261,0.0012343758524657276,0.02232197468673906,0.006819326126527386,186,0,17,0.18181818181818182,0,0,16,6.8125,2133,10,18201644,mega,en,firework
idTliuom4ls,450022.4166666667,450022.4166666667,18.230555555555554,0.04975087314271296,,1,1.0,16.263455967290593,0,0.05447345601928176,0.0011107535653292488,0.02003148390704346,0.0006224558748437123,472,0,24,0.17647058823529413,0,0,16,6.75,2628,24,3545316,large,te,firework
dDkwJoO7r03,81825.16666666667,48242.05555555556,27.648611111111112,0.006614473168680629,12.0,2,1.0,6.95221787153807,0,0.0397034234435582,0.0022278400564533928,0.056677229515617926,-0.001516376393793116,324,0,17,0.14285714285714285,0,1,14,6.714285714285714,1792,10,7523167,large,hi,firework
Siy6CBSNm9h,299979.5833333333,299979.5833333333,17.03,0.0392952200349034,,1,1.0,16.263455967290593,0,0.012777360599241148,0.0005411431980936886,0.04105305233127728,0.0010966831904321538,228,0,13,0.2,0,1,23,6.521739130434782,1988,22,980470,mid,en,megaphone
ZSgFfWSAnwp,215143.25,95914.55555555555,19.16861111111111,0.010986939766407678,12.0,2,1.0,11.84271928232701,0,0.02687927901636349,0.003159926087266514,0.10658298919018994,0.002452205254950022,361,0,34,0.038461538461538464,0,0,9,6.666666666666667,1547,10,19801494,mega,hi,firework
A5nkg7tIJe_,38102.166666666664,2550.4166666666642,130.40805555555556,0.00046872624620170186,12.0,2,1.0,4.58257569495584,0,0.039475070027558484,0.002896970410857774,0.07320252406614158,-0.0015180670630510415,779,0,32,0.041666666666666664,0,0,12,6.333333333333333,2148,22,505807,mid,en,drumbeat
KCGCalZqcEE,30126.833333333332,9529.875,91.99861111111112,0.0017383937320454295,12.0,2,1.0,6.557438524302,0,0.04063749291107613,0.005266688611214044,0.11875326556052447,0.001580074692228553,1235,0,15,0.16666666666666666,0,1,13,5.769230769230769,775,23,1039286,large,hi,drumbeat
wi5BGEd5SZH,398819.5833333333,209585.0833333333,24.607222222222223,0.023592565427775235,24.0,3,1.0,18.660117898877274,0,0.007281748745042722,0.0009584365580533839,0.14960079572031507,-0.00011258690233900345,273,0,29,0.038461538461538464,0,0,23,6.434782608695652,294,10,211171,mid,hi,megaphone
RuX6SM9KUuw,425610.4166666667,250226.86111111112,13.238611111111112,0.017377821525814494,12.0,3,1.0,8.05708797684788,0,0.0390131013593991,0.0021593461986408003,0.057021314252484134,-0.003192157197710717,96,0,24,0.6842105263157895,0,0,8,6.875,117,24,13299584,mega,en,firework
Qx7Ybnzx1Nb,230634.5,230634.5,15.488611111111112,0.026171336420477115,,2,1.0,8.48528137423857,0,0.029583005588571097,0.00324133259885789,0.12141932664347066,-0.0012292166527842555,469,0,23,0.125,0,0,16,6.6875,438,25,10949886,mega,en,firework
NVqmDhNfv5Z,295121.75,252694.55555555553,15.156944444444445,0.022392329677379173,36.0,3,1.0,12.203141671990318,0,0.13482710050577815,0.0009379821847369029,0.008315465853250995,-0.01779634084046479,27,1,13,0.18181818181818182,0,0,4,6.25,1834,24,11544255,mega,hi,snack
ftX2OepfKfs,270657.0,270657.0,23.05472222222222,0.034238629467823106,,2,1.0,10.606601717798213,0,0.026552862372110034,0.00522468472396842,0.20315215367428005,0.0003789193649056874,246,0,17,0.14285714285714285,0,1,13,7.0,2079,24,23453852,mega,ta,firework
0XhoOKeP67P,181070.91666666666,151032.38888888888,15.386666666666667,0.017704134119430316,24.0,3,1.0,12.685293322058685,0,0.025280215361800376,0.003066505271602088,0.1298259496465651,-0.00031689911159720266,91,0,19,0.11764705882352941,0,0,15,6.8,1385,25,1927905,large,en,firework
VQimMgA-tnd,161679.66666666666,30278.05555555555,26.6975,0.0041567523306869246,12.0,3,1.0,6.13052471924984,0,0.03869876855557585,0.003110240719022294,0.08570190991149727,0.0026154675639748007,196,0,30,0.045454545454545456,0,0,11,5.909090909090909,1246,25,15191026,mega,hi,firework
P45f7NfqMV8,254473.41666666666,154715.5,81.99861111111112,0.02372604095768512,12.0,2,1.0,12.662279942148386,0,0.03427647085627288,0.0022398375579111324,0.05860281747582714,0.001685904494178797,603,0,28,0.09523809523809523,0,0,12,6.5,974,22,558384,mid,hi,drumbeat
n8yu_MkFJs-,115842.91666666667,48393.291666666664,75.79722222222222,0.00968405662253685,12.0,3,1.0,8.602325267042627,0,0.040918696338312105,0.002065956184249629,0.05467987499022298,-0.0007344314611212252,665,0,31,0.08333333333333333,0,0,11,6.2727272727272725,2424,24,5267560,large,en,drumbeat
fwmqMeYGwIf,263455.9166666667,183967.33333333334,15.992222222222223,0.02805288633177225,12.0,2,1.0,15.30795000427338,0,0.009916583784568537,0.0006857689573794472,0.06943300887650715,0.0004785563933448634,335,0,13,0.18181818181818182,0,0,23,6.521739130434782,670,24,808112,mid,en,megaphone
DzyICP24qAD,217196.08333333334,155275.10416666666,30.026944444444446,0.018694299869137603,12.0,3,1.0,14.798648586948742,0,0.016882462166907378,0.000939738657064031,0.05723309275324176,6.18644523917404e-05,194,0,14,0.07692307692307693,0,0,23,6.521739130434782,1979,10,691377,mid,hi,megaphone
wZnOSqetJXh,-24256.25,-24256.25,42.467777777777776,-0.00584582038895911,,2,1.0,0.0,0,0.04651322965673383,0.0020640694304546138,0.044310915628679594,0.0015381325784208644,301,0,17,0.14285714285714285,0,1,16,6.875,1312,24,19128655,mega,hi,firework
pNIY38i62Z8,109712.08333333333,73249.79166666666,102.34833333333333,0.014294904131141529,12.0,2,1.0,7.767453465154029,0,0.036213766096700066,0.004338674085100978,0.1157814291173099,0.001273985573833132,1271,0,23,0.7222222222222222,0,0,16,6.25,1624,23,1737895,large,en,drumbeat
NDaWMFlGG8t,284200.6666666667,284200.6666666667,18.191944444444445,0.030366458063355018,,1,1.0,9.899494936611665,0,0.04864417000266391,0.0022678769215518976,0.046363592562256084,-0.0006467163896599834,391,0,25,0.09523809523809523,0,0,16,6.9375,2726,25,7654356,large,ta,firework
BVtDg_KyBoA,236216.75,105020.0,22.585833333333333,0.01236368476119099,24.0,3,1.0,8.228000972289687,0,0.02546515896226754,0.0022960157555943898,0.07367408897871242,0.0009299122682571749,249,0,15,0.15384615384615385,0,0,12,6.833333333333333,1433,25,29518802,mega,te,firework
tCdbOcO32Dz,213611.91666666666,148046.29166666666,40.1225,0.015052156169154982,12.0,3,1.0,9.909591313469996,0,0.013748579242238107,0.0006733301180686685,0.04441647007513431,0.0016383254351170287,139,0,10,0.25,0,0,23,6.3478260869565215,1385,24,728718,mid,hi,megaphone
HzqFBC7F_0j,247984.16666666666,145620.3125,18.5525,0.014837869799497319,24.0,3,1.0,10.606601717798213,0,0.049329103094490734,0.003583601836988056,0.08118312403781315,-0.0015095380624763968,296,0,17,0.0625,0,0,16,6.9375,1996,24,5269420,large,en,firework
7jgIkGrhmfh,198255.83333333334,152701.83333333334,23.603055555555557,0.01969150041384925,24.0,2,1.0,10.598742063723098,0,0.07409860770077109,0.0006925787632474958,0.008264462809917356,-0.002424615924272039,13,1,14,0.07692307692307693,0,0,14,6.071428571428571,437,22,13831110,mega,pa,snack
knO8NvMbUZf,300307.5,164976.52777777778,14.051388888888889,0.016998672207822765,12.0,2,1.0,11.460075625114056,0,0.02094336294491876,0.0038325238549958528,0.1913767424097766,0.002521812854826763,203,0,13,0.2,0,1,16,6.875,2116,25,27053080,mega,en,firework
XDxDMohPlzd,236331.08333333334,220432.8888888889,20.81138888888889,0.024580882358864728,12.0,2,1.0,14.568802284333465,0,0.006406544593388332,0.0005436004269030533,0.08163725122042809,0.00029408831167567536,140,0,20,0.058823529411764705,0,0,23,6.521739130434782,1011,10,136642,mid,hi,megaphone
npNTOI__1Bx,582300.9166666666,192510.5,14.824444444444444,0.01894332377336695,12.0,3,1.0,15.241391012633985,0,0.009128247017424275,0.0009381217224581408,0.1065986603262259,0.00042693834422708257,265,0,18,0.058823529411764705,0,0,23,6.478260869565218,1727,22,633379,mid,hi,megaphone
-OvWHbM_dxk,147230.25,47671.5,28.721944444444443,0.008312275490932995,12.0,2,1.0,6.658328118479393,0,0.05095604423043635,0.004154817591976784,0.07788047520691771,0.005756210696355742,192,0,17,0.14285714285714285,0,1,16,6.875,1912,25,27825436,mega,hi,firework
o0phGI-AvKC,126680.75,14938.6875,117.29805555555555,0.005233485999483153,12.0,3,1.0,10.606601717798213,0,0.0359127983434359,0.004092087983545426,0.11697920893930672,0.0009063866188569539,916,0,23,0.7222222222222222,0,0,16,6.0,347,23,6060345,large,en,drumbeat
ozWC1gTMNh8,125951.75,122373.83333333334,30.503333333333334,0.01919321951919797,24.0,2,1.0,11.015141094572204,0,0.019800430654534646,0.0007847437200497807,0.03967751043071807,0.0010542441377546577,322,0,19,0.07692307692307693,0,0,23,6.608695652173913,668,10,751632,mid,en,megaphone
rdIkapQkYlX,184198.91666666666,122367.58333333333,31.2725,0.01956256420289696,12.0,2,1.0,11.718930554164631,0,0.07878961205006263,0.0012122706036662761,0.015473019792191447,0.00012040772981175563,16,1,15,0.16666666666666666,0,1,8,6.125,517,24,16278025,mega,hi,snack
IB8at8HYQCK,295058.0833333333,84301.39583333333,17.16861111111111,0.010240751502777944,12.0,3,1.0,12.700393694685216,0,0.026018433418510928,0.00503131643561807,0.18468768910699535,-0.0008055608933068524,242,0,31,0.08333333333333333,0,0,12,6.833333333333333,1769,10,15803094,mega,te,firework
tG0oo0k2PYq,126013.91666666667,42567.833333333336,35.68472222222222,0.009722442388056298,12.0,2,1.0,6.429100507328637,0,0.13621286693248513,0.0007550241608359214,0.0057487420868354705,0.00768557030385536,45,1,17,0.14285714285714285,0,1,4,5.5,819,23,15220585,mega,en,snack
5VCFbCps1zv,205232.41666666666,51781.49999999999,33.755833333333335,0.011745241391018454,12.0,2,1.0,9.073771725877465,0,0.05653590829886812,0.004359265969292966,0.08380410515472232,-0.005605531065643078,101,0,16,0.14285714285714285,0,0,16,6.6875,2963,25,4423880,large,ta,firework
2mICuW0XMVL,378266.9166666667,378266.9166666667,28.395555555555557,0.030845174359383387,,2,1.0,4.242640687119285,0,0.11748437378613452,0.0006517124989024073,0.005537946875657304,0.009343598191472777,51,1,18,0.16666666666666666,0,0,8,5.875,1549,22,2327801,large,pa,snack
HXCisN8cTRp,290593.75,82356.72916666666,21.151666666666667,0.00930496045596776,24.0,3,1.0,9.316651759081692,0,0.05498478099869617,0.003900093310819819,0.08146538592184562,0.0001543531967491893,463,0,21,0.8125,0,0,16,7.0625,1126,25,9090817,large,hi,firework
bCXq43eKt3Q,56337.666666666664,56337.666666666664,18.053333333333335,0.008202378766471369,,2,1.0,3.5355339059327378,0,0.06297096937270519,0.000814829091213669,0.011624861532120254,0.0032345587260345296,57,1,26,0.10526315789473684,0,0,13,6.230769230769231,1689,24,4594762,large,pa,snack
1dq0dDEE87o,184288.75,184288.75,15.123888888888889,0.026981142764604112,,2,1.0,12.020815280171307,0,0.03313774884724801,0.004193228701511259,0.12809557059800364,0.002863494810733433,197,0,23,0.1875,0,0,14,6.571428571428571,2857,24,26442643,mega,ta,firework
RAvf6XjZrg_,306275.4166666667,85081.25000000001,18.726666666666667,0.013630910436059877,12.0,2,1.0,12.897028081435401,0,0.0391582002725473,0.001912692763142386,0.045619625345115926,0.003966357266181185,153,0,28,0.6363636363636364,0,0,16,6.875,1499,24,16500829,mega,te,firework
urhRA1EBisT,489187.25,303374.6458333334,32.88388888888889,0.0258665551232397,12.0,3,1.0,16.195678435928517,0,0.011387328873882756,0.00027195149791312754,0.028447118845938476,0.0005163231955147302,308,0,12,0.09090909090909091,0,0,23,6.478260869565218,1186,24,760168,mid,en,megaphone
hHKQ_uUoqsf,161842.41666666666,113388.2222222222,16.871666666666666,0.016055423700656025,12.0,3,1.0,12.609520212918492,0,0.02716476218783092,0.0011463503539914993,0.05067802340213737,-0.00495505457423534,416,0,16,0.06666666666666667,0,0,16,6.6875,117,25,7841200,large,te,firework
CuIQJ0SiX3S,252860.5,101558.52083333331,21.27111111111111,0.015464022005105974,12.0,3,1.0,14.872793954062566,0,0.04055644300221285,0.0034042068405382977,0.08244953081206223,-0.002095435089679576,192,0,17,0.0625,0,0,16,6.875,2400,24,1043624,large,en,firework
j9EDfMwteWX,221524.16666666666,204828.41666666666,14.809722222222222,0.02967905113878311,24.0,2,1.0,15.534906930308058,0,0.06276493286491217,0.0021001878604406804,0.03430477058748933,-0.0029299849794311855,11,1,23,0.7222222222222222,0,0,3,5.333333333333333,1115,23,6820442,large,pa,snack
V5ohopAm5eL,302245.3333333333,94094.0,23.904166666666665,0.01035732081297105,12.0,3,1.0,14.060583202698245,0,0.02097119974843462,0.0047192205359310475,0.21991525196161096,-0.000924041226169011,256,0,17,0.18181818181818182,0,0,16,6.8125,2399,24,19898536,mega,hi,firework
jJq6ae2qEeD,23527.083333333332,1979.416666666666,85.1575,0.00045657306931238563,12.0,2,1.0,8.736894948054106,0,0.05127138513824566,0.003144466662479639,0.06002620761456856,-0.0028841404174221943,1298,0,18,0.058823529411764705,0,0,15,6.066666666666666,453,24,3994987,large,en,drumbeat
S1kykcl1Afk,71791.16666666667,16929.916666666668,119.67666666666666,0.004066448140304707,12.0,2,1.0,10.016652800877813,0,0.06773351275140137,0.002294051716002658,0.034462918482009476,-0.0017504862162757429,1183,0,28,0.09523809523809523,0,0,16,5.875,2918,23,4883785,large,en,drumbeat
93FneqIgasP,247503.75,211102.875,32.25888888888889,0.018788356105012508,12.0,2,1.0,6.557438524302,0,0.10804769264633186,0.0014781488382835447,0.012019964793723567,0.008959875316155538,15,1,28,0.04,0,0,7,5.142857142857143,301,23,8750901,large,en,snack
FNmtl4sotXe,151778.25,151778.25,20.459444444444443,0.019687564726490917,,1,1.0,7.0710678118654755,0,0.017857726942699537,0.0007266431342603607,0.041803611413007896,-0.00042413203895530494,104,0,14,0.18181818181818182,0,1,23,6.521739130434782,1298,10,76290,micro,hi,megaphone
wENliciLGPw,262772.4166666667,262772.4166666667,21.88,0.03668848880474091,,1,1.0,13.435028842544403,0,0.050808145470712246,0.004778101259064203,0.09365768279085057,7.863196980596038e-05,416,0,25,0.045454545454545456,0,0,16,6.875,1029,24,20624683,mega,ta,firework
Ius97y1Kykk,95856.41666666667,82307.16666666667,33.26138888888889,0.014724459122247242,24.0,2,1.0,10.535653752852738,0,0.09926988128653524,0.0016946635625165124,0.015790630666251602,0.003652305667854641,48,1,25,0.65,0,0,7,5.714285714285714,1718,22,3141570,large,hi,snack
N3iWWgPsJZs,260432.0,180955.58333333334,29.051111111111112,0.02747772934699437,12.0,2,1.0,14.571661996262929,0,0.12114399351935885,0.001387488769116873,0.009826945241210777,-0.004482502621912285,25,1,19,0.05555555555555555,0,0,3,5.666666666666667,1460,24,8508103,large,en,snack
ajAB7GgORDH,363133.4166666667,272922.75,6.522222222222222,0.034925855417856165,12.0,2,1.0,17.406895185529212,0,0.015398901077035924,0.0009180839999664227,0.05654975929938027,0.0008253736952238636,311,0,29,0.047619047619047616,0,0,23,6.3478260869565215,2469,22,801044,mid,en,megaphone
KFVYIRaPRYx,25385.833333333332,25385.833333333332,118.67416666666666,0.007166480855660583,,1,1.0,4.242640687119285,0,0.05792831349604366,0.005062353332755174,0.0900748587359297,-0.007378425045429696,612,0,18,0.15384615384615385,0,0,16,5.9375,814,22,3315342,large,en,drumbeat
YgSfFniTLt2,102371.08333333333,73226.88888888889,35.67527777777778,0.01695448395956289,12.0,2,1.0,13.379088160259652,0,0.0852940168100874,0.0020470725277569996,0.023910501493894384,-0.002315636496557208,13,1,12,0.09090909090909091,0,0,4,6.0,2659,22,12869622,mega,pa,snack
ki9h3JxuUJO,77127.41666666667,23134.208333333336,86.53055555555555,0.006573246622219675,12.0,2,1.0,9.29157324317757,0,0.06339951613886238,0.002858583846868603,0.05213099069322432,-0.0030531998386835457,1101,0,21,0.05555555555555555,0,0,16,6.0625,264,23,8462035,large,hi,drumbeat
69DUr_w2GwT,35386.25,14853.86111111111,25.411666666666665,0.0050271620881252276,12.0,2,1.0,11.87083260208258,0,0.02251425879106914,0.0037070443274277434,0.15795353259254857,0.0017992833550027135,317,0,28,0.04,0,0,16,6.875,1770,24,20258597,mega,hi,firework
LkUQscc4RjI,245129.0,243478.9166666667,29.0775,0.016322368064828056,12.0,2,1.0,2.3094010767585034,0,0.11103538641485387,0.0018864363467174777,0.01746979393435851,0.00023615958678002702,26,1,32,0.041666666666666664,0,0,14,6.0,760,24,6836804,large,en,snack
lOfjzWxxq3E,573779.4166666666,315653.75,16.710833333333333,0.023158167824497373,12.0,2,1.0,7.0,0,0.12123111212975769,0.0006963968339356218,0.006382691161885835,-0.011354105287905175,19,1,26,0.6190476190476191,0,0,3,5.333333333333333,837,22,3465194,large,pa,snack
-57GJ9uo6ZO,70967.83333333333,42428.041666666664,75.23916666666666,0.007902223672299983,12.0,2,1.0,6.557438524302,0,0.042540112041172085,0.006133079736571643,0.15873255675267364,0.0008464059619933892,704,0,15,0.16666666666666666,0,1,11,5.363636363636363,1395,22,5392100,large,en,drumbeat
wERS6Q1TWgi,266379.0,133928.04166666666,16.809166666666666,0.02190126929362301,12.0,2,1.0,9.451631252505216,0,0.05525725516279411,0.0029302155908174556,0.04719293582587638,0.0034105143137963256,92,0,17,0.14285714285714285,0,1,16,6.8125,1681,10,17275527,mega,hi,firework
cTmG_OY84Y8,97115.83333333333,61317.70833333333,53.395833333333336,0.012490045877992313,12.0,2,1.0,7.637626158259733,0,0.009839719752294066,0.0003906077727137165,0.039323063877897114,0.0003563365646702451,141,0,17,0.14285714285714285,0,1,23,6.478260869565218,2353,22,863402,mid,hi,megaphone
TZgi1iM4PON,-34009.166666666664,-34009.166666666664,51.79944444444445,-0.009228940745305475,,2,1.0,1.4142135623730951,0,0.06954474563711598,0.005191035447095602,0.0798504530874271,-0.006149144634027132,1304,0,14,0.16666666666666666,0,0,12,6.25,2992,24,6557048,large,hi,drumbeat
v4WabJyYV-D,272821.6666666667,207836.4166666667,29.274722222222223,0.034704301277664766,12.0,2,1.0,13.527749258468683,0,0.018387593632920207,0.0004560058068103798,0.025062808733751652,-0.00042050910824310145,67,0,15,0.15384615384615385,0,0,23,6.521739130434782,443,22,772058,mid,en,megaphone
rLLBeMM3654,104346.75,80670.375,23.77888888888889,0.01706182185156278,12.0,2,1.0,10.598742063723098,0,0.07889277826057885,0.0017221097362454007,0.020693288518992745,-2.4518550416602336e-05,57,1,20,0.058823529411764705,0,0,13,6.153846153846154,1410,23,11400541,mega,hi,snack
D4K71oq520Q,57810.083333333336,30773.125,103.79277777777777,0.007473047003171157,12.0,2,1.0,9.50438495292217,0,0.03864751185184668,0.003988923251424535,0.09521042346761467,-0.0011947065710769048,1379,0,18,0.06666666666666667,0,0,11,6.090909090909091,1396,22,3780502,large,hi,drumbeat
Zk4kh6AJOSr,167016.91666666666,167016.91666666666,18.385833333333334,0.0370869736116474,,2,1.0,14.849242404917497,0,0.03402574854773637,0.003100143230492499,0.08590446923917751,0.0014692599663156947,238,0,21,0.8125,0,0,16,6.875,836,10,12914071,mega,hi,firework
FhF5uLJ6pjZ,105799.83333333333,37785.25,61.370555555555555,0.009684412864520923,12.0,2,1.0,10.816653826391969,0,0.06084152743459211,0.005183449003924523,0.08304063860667635,-9.20768056850707e-05,1257,0,19,0.15384615384615385,0,0,16,5.875,910,24,6195577,large,hi,drumbeat
zBtvLWYdLQh,84218.58333333333,84218.58333333333,70.2611111111111,0.024395663509747256,,2,1.0,12.020815280171307,0,0.0429082397547966,0.0021566318196830636,0.056433135651112035,-0.0027367168200744182,538,0,11,0.2222222222222222,0,0,16,5.875,935,23,8536696,large,en,drumbeat
vRs96bfyArs,59936.25,59936.25,84.3875,0.018982579913687857,,2,1.0,9.192388155425117,0,0.058851143986664245,0.005003118180044747,0.08443120033458804,0.0014856785782710394,1218,0,21,0.13333333333333333,0,0,14,6.428571428571429,2205,23,3705384,large,hi,drumbeat
wmkvImgucZr,100243.58333333333,71216.70833333333,29.771944444444443,0.022695973592898017,12.0,2,1.0,12.12435565298214,0,0.01753179047366302,0.0003657495542343161,0.01816955440327136,0.00020229776678987177,61,0,10,0.25,0,0,23,6.434782608695652,2769,10,934858,mid,hi,megaphone
-n4ooqDeSQB,44309.666666666664,44309.666666666664,86.53166666666667,0.019149369279765963,,2,1.0,6.363961030678928,0,0.0583320193719621,0.0061443432236892425,0.10708876586255567,0.0031547824043166514,818,0,21,0.8125,0,0,16,6.25,1110,24,2411404,large,en,drumbeat
78oQmnl9CNS,-13999.25,-22506.208333333336,240.9025,-0.01289676198657526,,2,1.0,9.451631252505218,0,0.07445453418244721,0.0029629293141339892,0.03533265132432967,0.01021492005096504,2165,0,16,0.15384615384615385,0,1,17,7.294117647058823,786,26,4379584,large,en,marathon
v0LYBYIpQe7,212194.41666666666,212194.41666666666,14.206944444444444,0.03827835456918465,,1,1.0,9.899494936611665,0,0.05853519315413343,0.0009080213992517485,0.014880557154028891,0.0005612726855268244,336,0,29,0.09090909090909091,0,0,16,6.75,1562,24,15699299,mega,ta,firework
8T8gz1AUavI,214869.08333333334,214869.08333333334,15.860555555555555,0.03915451400152385,,1,1.0,9.899494936611665,0,0.1135829929944774,0.0018224916266124964,0.017570669639929166,-0.005472797903651405,43,1,12,0.2,0,0,10,6.7,1981,23,13807941,mega,en,snack
OVzSYNeMjH_,201359.83333333334,201359.83333333334,32.093333333333334,0.046020163107316804,,1,1.0,12.020815280171307,0,0.10715819567966538,0.001764150394802155,0.017862967563216137,0.004271570636122213,41,1,25,0.1111111111111111,0,0,8,6.75,1876,22,6220093,large,en,snack
Jdtti1aYl76,270213.75,270213.75,23.289722222222224,0.057645793992111054,,1,1.0,15.556349186104045,0,0.0054544918656612325,0.00036100240006297686,0.06911802228333286,-4.6079964090967734e-05,331,0,34,0.038461538461538464,0,0,23,6.434782608695652,504,22,27938,micro,en,megaphone
6mmNwjXlUMl,126474.83333333333,126474.83333333333,58.86805555555556,0.034861777105719305,,1,1.0,12.020815280171307,0,0.06199674195843796,0.004927259711220759,0.07245550383839536,0.002410897839800162,986,0,23,0.7222222222222222,0,0,16,6.25,544,24,6139785,large,hi,drumbeat
TAvZiXcatK2,7133.75,7133.75,109.72888888888889,0.0033061940308268326,,1,1.0,10.606601717798213,0,0.039067868644539504,0.005245203299594472,0.1293289601157891,-0.00027868952822000803,677,0,13,0.18181818181818182,0,0,14,5.642857142857143,246,22,1523408,large,hi,drumbeat
_WKfBYjvEVJ,14093.333333333334,14093.333333333334,220.91361111111112,0.007073205606148555,,1,1.0,10.606601717798213,0,0.08837546100517804,0.0014273463847412657,0.01462400792582462,0.001978211284900361,2098,0,31,0.03571428571428571,0,0,16,7.0625,1456,27,2607005,large,hi,marathon
UbyUqcTJIFK,-11654.333333333334,-11654.333333333334,298.1111111111111,-0.006998391690001794,,1,1.0,9.899494936611665,0,0.04967462251226524,0.0008575517859892689,0.01891563956829938,-0.001256045522419716,2249,0,20,0.07142857142857142,0,0,16,7.125,488,26,1642740,large,hi,marathon
fgWLy9uirfJ,10456.583333333334,10456.583333333334,234.0572222222222,0.006124896874179647,,1,1.0,12.727922061357855,0,0.07342910524703006,0.0023194481189102913,0.0287301456051597,0.0033970792644748976,1506,0,13,0.08333333333333333,0,0,17,7.470588235294118,387,26,3295034,large,hi,marathon
FPkP0bHY40o,28238.75,28238.75,141.7838888888889,0.015837302468474243,,1,1.0,14.142135623730951,0,0.06054531437084518,0.005606350987069993,0.09240589143125545,0.0007002355133488569,990,0,23,0.8125,0,0,11,6.363636363636363,2399,23,2749852,large,hi,drumbeat
